name,username,city,company_name
Leanne Graham,Bret,Gwenborough,Romaguera-Crona
Ervin Howell,Antonette,Wisokyburgh,Deckow-Crist
Clementine Bauch,Samantha,McKenziehaven,Romaguera-Jacobson
Patricia Lebsack,Karianne,South Elvis,Robel-Corkery
Chelsey Dietrich,Kamren,Roscoeview,Keebler LLC
Mrs. Dennis Schulist,Leopoldo_Corkery,South Christy,Considine-Lockman
Kurtis Weissnat,Elwyn.Skiles,Howemouth,Johns Group
Nicholas Runolfsdottir V,Maxime_Nienow,Aliyaview,Abernathy Group
Glenna Reichert,Delphine,Bartholomebury,Yost and Sons
Clementina DuBuque,Moriah.Stanton,Lebsackbury,Hoeger LLC
